nombre,email,edad
Cairo,praesent.interdum@liberointegerin.edu,38
Holmes,nullam@variusorciin.org,97
Herman,maecenas.malesuada@nisl.edu,45
Kane,aliquam.auctor@semmolestie.edu,79
Quentin,donec@facilisisnonbibendum.co.uk,41
Paul,purus.mauris.a@donecluctus.co.uk,18
Kasimir,magna.phasellus.dolor@litoratorquent.net,33
Craig,nulla.at@ultricies.net,40
Cole,mi.enim.condimentum@purusactellus.edu,77
Shad,ut.nisi.a@liberolacus.co.uk,13
Nathaniel,vitae.nibh.donec@eu.net,80
Neil,duis.a@vestibulumlorem.com,79
Hamilton,libero@congueinscelerisque.edu,46
Plato,ipsum.donec@quisqueimperdieterat.co.uk,46
Rooney,neque@idnunc.com,5
Malik,ut.sem.nulla@intinciduntcongue.ca,43
Luke,placerat.eget.venenatis@acsem.com,16
Francis,sapien.aenean.massa@dolor.net,27
Lawrence,malesuada.fames@pellentesquetincidunt.com,12
Kieran,tellus@orcisem.ca,56
